,Best,EW,MV,EG,ONS
NYSE,0.036809346625593424,0.008448340235952544,0,0,0
